cgpa,skills_count,projects,internships,ats_score,resume_score,placed
7.5,19,2,0,60,88,0
7.78,27,2,2,63,85,1
6.57,7,4,1,63,93,0
9.75,6,3,0,72,61,0
8.45,16,0,0,66,91,0
6.19,20,2,2,91,52,1
9.44,11,4,0,78,67,1
9.8,18,1,1,48,75,1
6.39,24,3,2,99,56,1
8.44,12,2,1,56,85,0
6.73,8,1,1,45,91,0
8.27,22,1,1,49,85,1
8.39,20,3,0,79,70,1
7.55,22,4,1,64,94,1
6.56,19,4,0,64,56,0
7.69,5,3,2,50,66,0
8.85,7,0,2,44,91,0
7.43,13,3,2,48,57,1
7.8,5,4,2,83,89,1
7.1,7,0,2,76,96,0
8.85,5,4,1,94,63,1
7.98,13,1,1,99,62,0
6.81,11,0,0,71,53,0
9.63,27,4,2,82,78,1
6.92,11,2,2,61,77,0
9.72,17,0,0,45,77,0
9.21,16,3,1,50,77,1
7.43,5,0,0,66,62,0
9.44,11,2,0,76,82,0
6.48,16,2,1,71,81,0
8.23,24,0,1,88,61,1
7.01,6,2,0,76,98,0
9.99,21,1,1,67,72,1
7.11,5,0,2,41,93,0
7.79,10,3,2,50,66,1
8.91,28,4,1,45,71,1
8.14,20,0,0,99,55,0
8.78,7,3,2,75,68,1
8.84,23,3,2,91,90,1
8.76,11,1,0,50,77,0
8.94,22,1,2,46,65,1
9.27,29,3,0,41,50,1
6.37,16,4,0,71,58,0
7.12,23,2,1,95,82,1
8.57,15,0,1,79,69,0
8.32,20,0,2,64,78,1
7.14,18,1,1,93,84,0
8.61,13,3,0,43,82,0
7.98,20,3,2,42,66,1
7.23,20,3,2,90,71,1
7.06,18,4,2,93,57,1
8.52,6,4,1,72,77,1
8.68,5,4,0,87,68,0
8.29,21,0,1,68,95,1
9.66,7,3,0,76,73,0
7.32,18,4,2,74,82,1
6.3,25,0,2,57,74,0
7.58,26,1,2,79,95,1
6.39,19,1,2,66,91,1
9.51,21,0,0,82,97,1
8.21,14,1,2,89,74,1
8.45,11,0,0,59,50,0
6.28,18,3,2,62,64,1
7.5,6,2,0,97,71,0
8.36,26,0,1,45,64,0
7.44,9,0,0,99,93,0
9.86,11,3,1,84,81,1
8.13,19,2,2,79,65,1
9.9,14,2,0,95,68,1
7.76,27,1,0,65,72,0
7.71,16,4,0,97,50,1
7.77,26,0,0,92,50,0
9.82,11,4,1,68,52,1
6.99,20,2,0,61,78,0
6.46,9,0,1,85,54,0
7.9,20,4,2,75,82,1
7.86,9,1,1,93,54,0
9.55,24,1,1,58,81,1
9.43,9,4,2,41,98,1
9.47,24,3,1,74,82,1
7.83,23,2,0,51,52,0
9.28,12,1,2,83,78,1
6.28,18,1,0,90,99,0
8.73,21,1,0,65,59,0
6.09,6,2,0,46,53,0
8.77,22,4,2,68,85,1
7.67,29,3,1,76,58,1
8.27,7,0,2,87,85,0
7.49,11,4,0,94,62,0
8.96,7,0,1,56,98,0
8.02,20,0,1,52,68,0
7.56,16,4,0,58,61,0
7.42,18,3,2,97,96,1
6.33,9,2,0,91,70,0
9.01,27,0,2,84,91,1
9.9,18,1,0,74,72,0
8.18,15,1,2,51,58,0
9.05,16,0,0,77,56,0
7.7,12,1,0,89,76,0
8.82,9,4,0,77,68,0
8.33,17,0,1,91,66,0
9.79,29,4,1,99,80,1
7.93,16,2,1,65,68,0
6.44,7,4,0,89,77,0
8.29,24,3,0,80,88,1
8.98,17,3,1,96,98,1
6.33,5,4,1,97,93,0
9.91,17,4,2,60,65,1
8.11,15,3,0,75,84,0
8.78,29,1,2,80,98,1
8.78,5,4,1,93,52,1
9.6,29,2,1,71,65,1
9.56,16,3,0,47,77,1
8.59,12,1,1,67,77,0
7.44,8,2,1,56,58,0
7.24,24,4,0,52,95,1
6.3,10,1,2,44,96,0
9.68,14,1,2,84,54,1
6.11,5,0,1,71,96,0
6.6,25,1,2,64,71,1
9.32,21,4,0,73,90,1
7.66,5,4,2,45,77,1
9.25,9,2,0,62,86,0
8.9,14,1,2,56,70,1
7.8,18,0,2,84,62,0
6.83,5,0,1,67,80,0
6.45,6,2,2,89,61,0
9.27,16,4,1,69,66,1
6.54,19,4,0,53,51,0
9.22,11,3,1,77,99,1
8.36,19,2,2,73,87,1
7.8,19,3,1,94,91,1
9.45,9,4,1,95,66,1
7.97,24,4,1,45,51,1
7.32,15,2,2,90,96,1
6.52,27,2,1,55,57,0
6.72,8,0,2,71,52,0
8.06,22,4,1,90,68,1
9.29,22,3,1,61,70,1
8.19,9,0,1,85,83,0
6.51,17,2,0,65,96,0
8.51,19,2,2,87,66,1
7.11,5,0,2,91,64,0
8.15,28,1,2,53,73,1
8.88,18,2,2,46,52,1
9.58,18,2,2,99,94,1
9.47,10,2,2,54,74,1
8.95,14,0,0,78,71,0
7.31,16,0,0,52,69,0
7.9,14,2,0,84,67,0
6.35,19,1,2,47,89,0
7.73,23,1,0,76,55,0
9.6,6,2,2,84,55,1
8.42,5,4,1,60,55,0
7.46,20,3,1,50,79,1
6.69,27,0,2,42,80,1
7.64,8,1,2,43,64,0
9.27,21,2,1,96,51,1
8.23,12,1,2,84,93,1
6.82,26,3,2,59,82,1
8.94,16,0,1,53,87,0
8.32,15,3,0,82,52,0
6.21,22,1,0,62,59,0
9.96,17,1,0,76,58,0
9.04,15,2,1,70,98,1
9.4,16,1,1,92,60,1
9.75,16,2,2,40,89,1
8.89,12,2,0,76,63,0
9.2,7,4,0,44,68,0
8.66,8,0,0,81,74,0
8.73,12,2,0,77,82,0
8.99,19,0,0,56,82,0
7.57,6,4,2,78,55,1
9.76,11,2,1,91,64,1
9.51,5,3,1,78,76,1
9.15,10,0,0,76,76,0
8.98,8,1,1,44,59,0
7.37,10,4,2,86,85,1
7.83,24,4,0,68,96,1
7.64,17,1,2,70,85,1
8.17,15,2,0,59,60,0
9.84,12,1,1,82,61,0
9.65,12,1,0,72,96,0
8.9,15,3,0,95,86,1
8.83,14,0,2,97,58,1
7.7,18,0,1,50,72,0
6.49,9,4,1,85,85,0
6.5,29,0,2,93,89,1
8.43,19,0,0,48,59,0
9.21,25,1,0,74,74,1
9.45,10,1,2,57,76,1
8.95,21,2,2,83,73,1
8.31,24,4,0,88,78,1
8.32,26,1,1,60,98,1
6.71,24,0,0,59,71,0
6.34,12,0,2,40,81,0
6.27,27,2,2,95,68,1
7.4,21,4,0,69,65,1
8.26,22,0,1,90,96,1
8.11,26,3,0,89,79,1
8.24,8,0,0,94,88,0
9.01,14,1,2,85,83,1
7.63,27,3,1,46,78,1
7.63,29,2,2,98,57,1
6.42,19,4,2,90,82,1
8.23,12,1,2,71,73,1
8.89,28,2,0,93,70,1
7.63,27,1,2,49,56,1
8.94,25,2,0,58,85,1
8.57,22,1,0,86,54,0
7.37,14,1,2,62,61,0
9.32,9,0,1,92,93,0
6.88,26,3,0,49,79,0
7.95,18,0,1,90,66,0
7.07,12,1,0,64,88,0
6.87,26,2,1,43,75,1
8.1,17,1,2,76,60,1
9.29,25,1,0,77,83,1
8.22,29,1,2,92,91,1
6.56,29,2,1,51,94,1
8.66,11,1,0,56,75,0
7.62,18,1,1,82,50,0
6.33,8,2,1,68,70,0
9.35,15,3,0,98,88,1
8.44,26,1,2,86,73,1
9.75,9,0,1,75,96,0
7.05,7,3,2,56,94,0
6.62,13,1,1,92,58,0
6.3,21,0,0,82,89,0
7.74,11,2,2,89,86,1
6.01,23,1,2,76,93,1
9.23,21,4,0,49,98,1
6.74,20,2,2,60,66,1
8.64,26,0,1,64,61,1
6.88,13,4,1,86,81,1
8.82,11,0,2,65,70,0
7.89,11,4,2,48,97,1
6.46,27,4,1,70,79,1
6.22,7,1,2,81,88,0
6.15,28,2,0,73,52,0
8.79,12,1,2,62,93,1
8.29,28,0,0,61,74,0
8.95,5,4,1,83,51,1
6.1,14,1,1,98,62,0
8.12,7,2,2,85,78,1
9.07,25,3,0,55,93,1
9.94,14,0,2,78,69,1
8.95,21,2,0,53,79,1
9.41,22,4,0,87,50,1
9.64,19,0,2,88,73,1
6.5,9,4,0,82,55,0
9.93,18,2,1,52,83,1
6.67,24,3,2,47,69,1
9.35,26,4,2,84,95,1
6.92,6,0,1,80,98,0
9.83,28,4,0,93,96,1
6.87,13,2,1,88,91,0
8.06,22,0,2,71,84,1
6.9,28,4,2,64,58,1
9.58,9,1,2,80,52,1
7.09,13,2,0,73,61,0
6.14,19,0,0,50,83,0
7.63,19,2,0,87,75,0
8.13,9,3,0,67,54,0
9.97,22,4,1,68,52,1
7.39,6,2,0,84,82,0
9.51,23,3,0,98,97,1
8.83,15,4,0,92,91,1
6.42,10,3,2,44,92,0
9.85,29,2,2,62,91,1
6.52,15,4,1,78,80,1
6.0,6,4,0,51,88,0
6.77,17,2,0,80,66,0
6.46,6,3,0,74,97,0
6.43,11,1,0,71,83,0
7.37,19,4,0,61,53,0
6.7,8,1,2,56,61,0
6.27,14,0,1,65,67,0
9.49,19,4,2,74,61,1
6.1,15,0,1,86,64,0
9.28,15,1,2,65,83,1
7.09,8,0,2,52,90,0
6.65,27,4,0,50,81,1
6.33,18,3,1,50,76,0
9.47,16,3,0,60,96,1
7.68,24,2,0,44,52,0
7.25,10,1,0,74,98,0
8.61,16,1,2,83,65,1
8.17,18,0,0,68,57,0
9.08,18,1,2,42,78,1
6.52,25,3,1,42,69,1
9.19,29,0,1,83,69,1
7.72,10,0,2,61,51,0
9.19,15,4,0,47,70,1
6.29,22,2,0,64,82,0
9.81,13,2,1,90,73,1
6.58,16,0,1,71,64,0
8.0,26,3,0,49,89,1
6.04,5,1,0,72,90,0
7.4,5,4,1,61,88,0
6.53,11,1,1,97,99,0
9.29,14,3,0,79,60,1
6.5,10,0,1,48,88,0
8.45,13,1,1,67,69,0
7.36,11,2,1,97,71,0
7.81,7,0,1,53,60,0
8.9,16,3,0,64,94,1
8.46,23,3,0,47,78,1
9.16,27,2,1,45,67,1
8.61,9,0,2,42,77,0
6.8,7,4,0,93,64,0
7.03,16,0,1,60,80,0
7.66,28,3,0,43,77,1
7.48,24,3,1,88,81,1
8.35,25,1,1,54,83,1
9.17,11,1,2,90,61,1
7.54,22,4,2,72,84,1
9.1,8,1,1,53,51,0
6.72,9,4,0,93,96,0
8.37,11,0,1,78,55,0
8.61,29,0,1,74,86,1
6.04,5,3,0,62,96,0
6.94,14,2,1,53,65,0
8.08,14,3,1,80,50,1
7.8,12,2,0,96,69,0
7.52,15,4,2,76,61,1
7.9,21,3,2,54,55,1
6.82,24,1,1,41,58,0
8.12,24,1,0,40,84,0
7.81,25,2,0,72,98,1
8.34,16,1,0,89,73,0
8.74,6,0,1,68,88,0
7.82,19,2,1,62,93,1
8.13,27,4,1,81,57,1
9.88,5,4,1,44,96,1
6.71,6,0,2,94,75,0
7.5,22,1,0,65,57,0
9.46,21,3,2,47,74,1
8.76,5,0,2,70,65,0
9.31,20,4,0,65,77,1
6.64,10,0,0,80,74,0
9.48,13,4,0,70,90,1
6.44,6,4,1,85,53,0
8.67,10,1,1,52,90,0
7.27,17,2,0,63,56,0
6.02,19,0,1,46,64,0
8.78,29,0,0,71,98,1
7.78,10,1,2,74,57,0
8.67,14,1,1,48,52,0
8.17,12,1,1,67,78,0
7.36,16,4,1,87,86,1
6.98,8,2,2,45,95,0
8.87,15,4,0,62,92,1
6.03,19,4,2,64,85,1
9.71,19,3,0,52,71,1
6.78,18,4,0,91,95,1
7.23,19,3,2,47,65,1
6.36,22,1,0,52,53,0
9.29,15,3,1,78,62,1
6.74,28,0,1,81,85,1
7.7,26,0,0,81,96,0
9.81,27,4,1,67,58,1
9.17,19,1,1,96,91,1
9.6,20,0,1,66,86,1
7.21,28,2,2,49,74,1
6.38,8,1,0,94,99,0
6.61,21,2,1,72,70,0
6.38,20,4,2,74,77,1
6.82,15,1,0,53,62,0
8.38,29,1,2,46,70,1
8.7,14,4,2,80,98,1
6.06,28,3,1,58,53,1
8.9,14,4,1,75,89,1
8.58,8,2,0,47,82,0
6.91,13,3,0,88,51,0
8.68,16,2,0,47,87,0
8.37,7,3,0,97,52,0
6.76,6,3,1,77,66,0
9.98,27,3,1,83,85,1
9.85,19,0,2,55,91,1
6.39,29,3,0,55,61,0
9.92,7,4,2,67,89,1
6.08,24,3,0,96,79,1
8.08,10,1,2,71,82,0
8.43,16,3,1,53,85,1
7.21,22,4,1,80,70,1
7.39,29,0,0,50,52,0
7.59,27,1,1,94,55,1
9.68,15,3,0,91,91,1
8.0,21,1,1,57,94,1
7.52,28,1,1,53,55,1
6.57,11,3,1,48,64,0
7.61,6,2,1,74,67,0
9.83,22,1,0,41,74,0
7.92,5,3,2,53,50,0
8.43,26,4,2,74,90,1
9.3,17,4,1,47,70,1
6.1,29,3,0,99,61,1
9.86,17,3,1,68,55,1
6.0,15,1,2,58,80,0
6.25,23,1,1,64,51,0
7.94,22,4,2,95,64,1
9.93,23,0,2,60,58,1
9.13,18,2,2,55,65,1
6.25,8,3,2,79,66,0
6.93,24,4,1,78,99,1
6.52,24,4,2,46,76,1
7.66,18,4,0,61,54,0
6.04,6,2,0,93,87,0
7.04,14,1,2,44,50,0
7.29,22,4,0,92,67,1
6.26,8,0,2,88,60,0
7.82,24,4,1,43,83,1
7.3,22,2,0,68,78,0
7.84,25,1,0,88,90,1
6.41,28,0,0,40,51,0
7.75,5,1,1,97,89,0
7.85,15,1,2,61,57,0
6.91,21,3,2,63,94,1
6.6,16,0,2,76,57,0
6.17,29,2,0,84,73,0
6.42,21,4,0,79,80,1
7.19,15,3,2,58,56,1
9.14,23,2,1,44,54,1
8.64,12,1,1,86,81,0
8.06,21,0,0,41,64,0
6.82,21,3,1,43,63,0
6.28,29,1,2,89,59,1
9.19,16,2,1,93,62,1
8.33,20,3,1,50,59,1
7.35,12,1,2,48,74,0
7.5,18,3,1,64,99,1
9.77,24,4,2,85,98,1
8.58,7,1,1,94,88,0
9.39,13,1,0,52,70,0
9.91,18,3,2,61,71,1
9.94,26,3,0,52,67,1
6.43,25,3,2,89,80,1
7.95,27,3,0,61,92,1
9.03,5,2,2,93,68,1
6.61,11,3,2,64,86,1
6.64,14,1,0,83,54,0
9.53,8,2,1,73,92,1
7.24,25,2,2,41,90,1
7.5,13,3,1,81,75,1
9.36,16,0,1,53,83,0
9.03,24,2,2,70,55,1
9.51,9,1,2,43,69,0
9.12,26,2,1,76,87,1
7.65,12,4,1,77,95,1
7.42,29,4,0,94,56,1
7.92,18,2,0,55,53,0
6.21,28,1,1,57,68,0
7.08,23,0,2,85,68,1
6.23,17,3,1,97,87,1
6.84,8,2,0,75,79,0
7.31,27,0,1,91,98,1
8.39,19,2,0,99,94,1
6.69,10,3,2,66,64,0
7.64,18,3,2,78,58,1
9.8,9,0,0,49,99,0
6.66,15,0,1,93,94,0
8.79,17,2,0,58,91,0
9.41,23,4,0,76,69,1
9.21,14,4,1,65,53,1
6.2,11,1,2,40,73,0
8.92,10,0,1,85,93,0
6.54,24,0,0,69,73,0
6.23,26,3,2,74,77,1
9.15,14,1,0,52,55,0
6.26,17,3,2,59,67,1
9.63,29,4,1,72,76,1
7.39,19,1,2,59,73,1
8.24,11,4,1,65,93,1
9.15,18,0,0,97,70,0
7.03,7,1,0,63,98,0
7.86,29,4,0,80,82,1
6.6,8,1,0,46,71,0
8.24,21,4,0,73,77,1
8.89,13,0,0,73,55,0
6.9,6,0,1,60,54,0
9.78,20,0,1,49,83,1
9.45,23,4,2,61,61,1
6.25,12,3,2,49,84,0
6.21,21,4,1,43,95,1
9.02,19,4,2,61,77,1
7.02,13,1,1,88,51,0
6.26,7,3,0,81,84,0
6.42,24,0,2,89,92,1
9.1,23,2,1,47,73,1
7.43,13,3,0,60,57,0
9.19,19,1,1,99,69,1
8.23,6,2,0,42,76,0
7.11,12,0,0,94,57,0
9.58,20,2,0,43,79,1
8.46,26,2,0,51,60,0
8.02,20,0,2,84,70,1
8.9,6,3,1,97,80,1
8.62,9,0,2,72,53,0
8.88,6,1,1,44,84,0
6.75,13,3,1,89,55,0
8.84,16,0,2,41,96,1
8.61,13,4,1,61,52,1
9.52,20,4,1,72,70,1
7.68,6,0,2,86,67,0
9.0,29,0,0,83,60,1
9.37,7,0,0,55,83,0
7.3,12,3,2,78,55,1
9.42,5,2,1,64,96,0
7.22,25,2,0,92,95,1
9.04,8,3,0,78,58,0
9.15,17,1,2,72,55,1
8.68,27,2,2,73,95,1
7.84,8,4,1,74,68,1
9.91,18,2,0,64,89,1
8.96,10,0,2,85,52,0
9.02,13,3,0,46,63,0
8.91,27,0,2,86,63,1
6.87,25,4,0,69,58,1
6.05,28,3,0,53,60,0
6.3,13,2,1,69,90,0
6.19,8,3,1,80,95,0
7.36,28,4,1,88,97,1
6.14,7,2,1,89,70,0
8.09,9,3,0,42,93,0
6.46,13,4,0,43,84,0
9.32,28,0,0,62,96,1
6.33,26,3,1,86,64,1
8.41,24,4,1,79,70,1
8.53,24,0,0,90,53,0
8.71,8,3,0,42,71,0
7.05,28,1,2,94,90,1
8.03,27,0,1,56,61,0
8.42,12,2,1,40,78,0
7.89,7,2,0,59,98,0
8.07,10,0,1,88,57,0
6.15,5,1,2,60,98,0
6.87,14,2,1,80,58,0
9.27,21,0,0,63,70,0
7.38,11,0,2,52,60,0
6.18,15,4,2,85,94,1
7.58,16,2,0,92,94,0
8.43,20,0,0,65,88,0
9.82,9,0,2,85,72,1
8.87,19,0,2,59,67,1
7.03,8,0,2,75,67,0
6.37,19,3,0,72,61,0
6.32,19,0,2,41,78,0
8.71,6,2,2,52,59,0
8.01,23,0,0,78,77,0
6.69,10,2,0,41,78,0
6.27,20,1,0,80,61,0
7.18,5,4,2,65,86,1
6.49,21,0,2,63,87,0
9.38,26,2,1,75,84,1
6.31,13,4,1,97,79,1
7.79,6,2,2,67,93,0
9.67,27,2,1,98,85,1
7.57,28,1,0,46,53,0
6.18,5,0,2,59,68,0
6.1,22,3,2,82,96,1
6.29,15,0,0,77,54,0
8.12,20,3,1,40,80,1
8.75,17,1,0,69,73,0
8.02,15,4,1,66,95,1
6.12,14,2,1,45,64,0
7.95,14,4,1,76,91,1
7.5,7,3,1,99,58,0
9.94,17,2,2,91,66,1
7.54,20,3,0,76,90,1
8.21,6,4,1,92,72,1
7.76,14,1,0,90,98,0
8.03,16,4,2,78,53,1
7.39,28,4,2,52,96,1
9.27,8,2,0,56,84,0
9.52,12,0,1,58,86,0
8.92,12,3,0,56,86,0
8.17,23,2,0,73,60,0
7.41,19,3,1,60,60,1
8.2,9,0,0,85,61,0
9.88,23,2,1,87,93,1
7.93,10,1,1,50,82,0
8.25,27,2,2,96,99,1
8.9,25,2,1,67,96,1
9.06,8,4,2,87,58,1
6.24,17,0,0,88,82,0
9.57,23,2,2,44,62,1
9.89,27,1,1,68,71,1
8.89,26,1,1,60,65,1
9.28,13,2,1,96,79,1
6.04,23,1,1,88,89,0
7.18,11,2,0,75,74,0
8.53,19,4,0,79,57,1
9.08,13,0,2,41,89,0
7.6,6,3,1,70,87,0
7.22,12,2,1,99,62,0
9.79,6,4,0,58,87,0
7.2,12,0,2,73,91,0
6.97,10,3,1,41,75,0
7.61,19,3,1,78,52,1
9.21,18,2,1,68,88,1
7.91,5,0,0,69,62,0
8.41,25,2,0,64,71,1
6.75,27,1,1,75,57,0
8.22,24,1,1,89,77,1
6.94,25,3,0,98,72,1
8.88,16,1,1,95,83,1
8.89,13,3,0,54,80,0
6.76,22,0,2,63,99,1
7.87,10,4,0,68,77,0
6.41,5,2,2,48,76,0
9.47,8,3,1,54,62,0
7.69,10,3,2,76,66,1
8.75,5,3,2,64,59,1
6.56,25,4,2,52,86,1
9.86,16,2,0,43,96,1
9.78,13,4,2,58,61,1
10.0,21,4,1,87,88,1
8.0,13,2,2,87,67,1
8.54,7,3,0,99,56,0
9.07,22,4,0,75,80,1
8.88,13,0,1,50,71,0
6.86,17,4,0,73,58,0
6.55,11,3,1,42,77,0
9.9,16,4,1,93,50,1
9.56,15,2,0,96,98,1
6.45,14,4,2,92,59,1
6.06,9,1,1,56,85,0
9.8,7,0,2,86,87,1
8.12,26,3,0,82,74,1
9.85,10,0,2,67,65,0
9.09,12,3,1,51,76,1
8.3,14,2,2,69,90,1
6.48,10,4,0,72,56,0
7.39,16,2,0,75,62,0
9.9,19,2,0,71,60,1
9.32,27,0,0,61,53,0
9.6,13,4,1,73,77,1
7.89,27,3,1,43,75,1
9.96,27,4,1,50,64,1
8.25,26,0,0,98,75,0
6.78,14,0,1,64,59,0
7.26,23,2,0,92,57,0
8.54,19,3,2,82,50,1
7.38,24,3,0,86,80,1
8.83,22,1,0,89,54,0
7.99,13,2,1,72,99,1
7.21,6,4,1,60,95,0
6.3,10,1,1,49,95,0
7.73,7,4,0,82,93,0
9.37,20,2,0,89,60,1
7.57,16,0,2,99,97,1
7.63,29,3,2,76,74,1
9.68,27,1,1,45,53,1
9.32,6,0,2,82,65,0
9.91,27,4,1,47,79,1
8.87,19,0,2,78,66,1
6.65,28,1,1,68,71,1
8.41,9,1,0,67,77,0
6.91,15,4,1,99,89,1
9.39,12,2,1,76,76,1
6.12,7,3,0,84,59,0
9.61,26,2,1,90,50,1
6.18,11,0,2,59,69,0
9.02,7,2,0,78,76,0
7.1,21,1,0,91,78,0
8.26,22,3,0,89,50,1
6.77,17,3,2,49,60,1
9.01,9,1,0,56,71,0
9.47,17,0,0,43,54,0
8.88,28,2,0,74,61,1
9.04,23,4,2,86,56,1
9.38,9,4,1,43,72,1
7.91,19,1,0,68,57,0
6.74,23,3,1,96,76,1
6.28,19,2,0,40,52,0
6.38,12,4,1,68,73,0
7.41,8,2,1,96,98,0
8.16,28,3,2,84,54,1
7.57,25,0,0,96,55,0
6.22,14,4,0,59,52,0
9.53,26,3,1,90,85,1
8.97,9,4,2,97,99,1
9.58,9,0,2,90,63,1
6.5,20,2,2,93,85,1
9.94,28,4,1,60,57,1
8.64,27,1,1,71,83,1
9.12,13,0,2,71,59,0
7.93,21,3,2,64,70,1
8.24,21,0,2,64,85,1
9.89,28,1,2,71,88,1
7.85,5,1,2,96,66,0
6.12,13,4,0,52,55,0
7.34,24,4,2,56,98,1
8.91,19,4,2,40,66,1
7.52,19,3,1,88,68,1
9.13,7,1,0,53,83,0
7.75,8,2,0,58,55,0
8.19,21,2,0,40,54,0
8.87,10,4,1,74,68,1
7.59,15,1,0,59,80,0
7.24,27,1,1,90,86,1
6.28,18,2,1,55,68,0
8.51,24,3,0,88,61,1
7.15,15,4,2,51,66,1
9.74,9,0,1,44,82,0
7.14,20,0,2,61,54,0
6.29,19,3,0,52,69,0
8.69,19,2,1,68,69,1
7.11,22,1,0,96,57,0
6.27,14,0,1,45,54,0
9.92,13,4,1,65,69,1
7.69,21,3,2,98,52,1
6.82,29,2,1,99,73,1
8.63,26,1,2,94,88,1
6.69,19,3,2,80,69,1
8.4,24,2,2,41,79,1
8.57,26,2,1,54,76,1
8.7,5,0,2,75,51,0
9.46,5,2,1,64,59,0
8.45,26,2,0,98,71,1
8.5,29,4,0,88,94,1
8.33,21,0,2,40,59,0
7.6,17,1,1,87,87,0
6.41,22,2,1,89,84,1
9.56,25,0,2,54,53,1
7.74,13,2,1,58,77,0
8.45,29,0,1,89,69,1
6.82,11,0,0,62,96,0
8.95,19,0,0,85,54,0
6.31,6,2,0,89,52,0
6.86,5,2,1,69,97,0
7.33,22,2,2,52,95,1
7.59,10,0,2,95,76,0
8.09,23,1,0,48,55,0
9.2,11,0,0,93,86,0
8.67,28,2,0,41,92,1
8.55,10,1,1,99,92,0
9.75,22,1,2,61,60,1
8.4,17,3,1,46,92,1
7.96,8,3,2,40,52,0
7.64,22,0,0,77,87,0
6.45,9,0,1,67,70,0
8.99,7,4,2,59,68,1
6.44,9,0,2,95,91,0
8.14,25,4,2,97,73,1
9.16,27,4,1,81,98,1
8.02,11,0,0,60,58,0
6.31,17,2,2,61,90,1
9.44,14,0,2,55,52,0
7.66,26,0,0,86,86,0
7.64,18,3,2,87,72,1
7.72,27,4,1,76,55,1
9.16,26,0,1,56,92,1
8.93,23,1,1,86,85,1
6.47,14,3,2,53,88,1
6.23,26,2,1,54,77,1
8.29,15,4,0,86,82,1
7.72,23,2,1,79,96,1
9.01,22,1,2,52,50,1
8.53,20,4,0,92,78,1
7.76,28,1,0,46,62,0
7.57,21,2,2,97,98,1
9.81,5,0,1,56,92,0
6.28,7,4,0,82,81,0
8.86,20,0,1,67,58,0
8.14,5,4,0,61,65,0
6.81,16,2,1,80,56,0
7.81,23,2,1,80,94,1
7.94,15,4,1,69,89,1
6.06,20,1,1,45,61,0
6.73,12,3,2,67,98,1
6.3,6,4,0,93,64,0
6.93,14,4,2,58,52,1
7.4,12,2,2,43,60,0
8.63,15,2,1,82,51,1
8.65,21,0,2,99,83,1
9.09,19,0,0,97,86,0
8.08,11,1,0,74,86,0
6.83,16,4,2,46,77,1
6.78,10,4,1,56,65,0
9.03,7,4,1,75,91,1
8.32,26,1,1,52,60,1
7.08,12,2,0,79,94,0
6.86,16,1,2,54,65,0
6.31,6,1,2,65,72,0
8.64,21,0,2,42,87,1
8.99,5,4,0,97,95,1
6.87,8,1,2,92,64,0
9.29,27,3,1,76,69,1
7.47,12,0,0,61,55,0
7.66,7,4,1,89,97,1
7.29,28,2,2,68,56,1
9.98,10,1,1,47,60,0
9.25,10,2,2,70,76,1
9.23,14,2,0,66,84,0
8.28,20,4,0,88,84,1
6.09,25,2,1,50,79,0
7.25,20,4,2,61,87,1
6.07,28,1,0,71,85,0
6.16,19,2,1,74,52,0
8.5,25,4,1,58,74,1
6.28,23,2,1,49,92,0
8.32,20,2,2,63,60,1
9.72,27,3,0,98,54,1
9.98,16,1,1,88,91,1
8.86,29,2,2,57,76,1
8.71,22,2,0,83,54,1
6.22,29,0,1,49,71,0
6.62,11,3,0,54,89,0
8.82,26,1,2,56,78,1
9.79,22,3,1,87,82,1
8.44,15,3,1,59,79,1
9.64,28,1,1,52,62,1
8.34,21,1,1,65,60,0
8.37,12,2,1,59,57,0
6.27,21,3,2,55,95,1
8.64,11,4,2,86,97,1
7.5,27,0,2,90,69,1
6.86,21,0,2,70,79,0
6.51,11,4,2,51,98,1
8.68,14,4,2,85,60,1
9.16,11,3,1,73,69,1
6.22,28,1,2,76,69,1
9.89,29,3,2,79,60,1
7.31,12,4,1,95,59,1
7.03,21,3,0,52,81,0
9.9,26,3,2,57,87,1
9.46,28,1,2,94,60,1
8.25,9,1,1,63,84,0
6.01,27,0,0,94,80,0
7.23,29,1,0,95,83,1
7.83,17,0,1,90,61,0
9.11,19,1,2,54,88,1
8.25,13,3,1,66,70,1
7.96,20,0,2,51,93,1
8.75,11,0,2,87,67,0
6.49,11,3,2,64,81,1
6.5,17,4,0,88,86,1
8.04,17,0,1,53,80,0
7.61,11,0,0,71,87,0
6.53,28,3,0,69,52,0
6.87,17,1,1,71,87,0
9.88,12,0,1,53,81,0
9.19,7,2,0,98,80,0
8.29,9,3,0,80,80,0
6.87,24,3,0,84,91,1
9.17,24,3,0,56,85,1
7.83,19,4,0,63,57,1
9.68,17,2,1,86,62,1
7.87,21,3,0,55,51,0
9.04,21,4,1,68,95,1
9.31,17,2,0,69,70,0
6.18,21,2,2,48,59,0
9.09,25,3,1,72,58,1
9.36,5,3,2,50,83,1
6.86,19,3,0,84,63,0
9.66,12,2,1,51,50,0
8.44,14,2,2,78,92,1
8.61,5,1,0,60,70,0
9.34,28,1,1,76,94,1
9.31,26,0,0,74,60,0
7.17,25,2,1,79,68,1
8.55,21,2,1,67,51,1
8.48,9,2,1,65,98,0
7.13,17,3,1,71,66,1
8.82,27,3,1,58,84,1
6.57,28,2,0,81,67,0
9.97,5,3,1,43,87,1
6.25,13,3,2,63,63,0
7.8,6,2,1,63,91,0
9.62,24,1,2,42,73,1
9.27,20,0,2,74,61,1
9.46,16,1,2,73,72,1
9.54,24,3,2,43,72,1
7.2,20,0,1,64,51,0
6.74,25,0,0,91,71,0
6.69,5,3,1,54,95,0
8.38,18,0,0,63,54,0
7.42,15,3,2,62,53,1
8.33,25,3,2,61,89,1
8.63,7,1,1,64,98,0
6.33,15,4,0,97,94,1
6.3,9,2,0,77,78,0
6.91,20,1,0,79,79,0
9.45,16,3,2,65,62,1
8.27,26,3,1,69,58,1
6.13,25,1,2,70,74,1
8.77,27,4,2,40,50,1
6.55,14,1,0,54,66,0
6.31,7,4,1,86,66,0
7.31,17,0,1,56,97,0
7.93,10,2,1,53,96,0
6.56,19,4,2,52,98,1
7.1,28,2,1,44,71,1
6.31,27,0,1,65,96,0
7.9,24,2,1,57,53,1
8.25,18,4,2,83,64,1
8.45,15,3,2,56,84,1
7.42,8,2,1,87,93,0
9.26,21,2,1,40,84,1
7.42,17,1,1,76,97,0
6.87,8,2,1,43,94,0
6.88,17,1,2,42,57,0
8.01,15,0,2,84,51,0
9.54,28,3,2,78,91,1
7.27,20,2,1,49,87,0
8.13,9,4,0,78,83,0
9.3,17,4,1,45,95,1
6.43,27,1,1,54,89,0
8.19,13,4,1,59,55,1
7.3,7,1,2,82,66,0
8.79,8,0,0,58,54,0
9.43,28,2,1,40,69,1
7.53,27,2,0,98,91,1
6.1,16,0,1,88,90,0
6.79,14,2,0,86,54,0
7.23,27,0,1,84,97,1
7.77,14,1,0,85,79,0
6.4,13,0,1,74,97,0
6.65,7,2,2,60,70,0
9.79,11,0,1,41,61,0
6.14,22,2,2,55,98,1
6.04,7,4,2,65,65,0
6.05,16,2,2,86,97,1
8.79,17,3,2,93,51,1
6.25,19,3,0,82,66,0
6.89,21,3,0,47,54,0
6.36,8,3,1,68,96,0
9.48,27,1,2,84,86,1
8.91,19,3,2,85,68,1
6.87,25,4,2,94,78,1
6.6,10,3,1,61,81,0
8.72,9,3,1,84,68,1
8.79,17,2,1,93,78,1
7.38,24,3,2,75,58,1
6.92,23,3,2,54,69,1
8.69,8,1,1,44,69,0
8.63,15,4,1,97,53,1
7.08,6,4,1,48,91,0
8.02,8,2,1,69,80,0
8.64,29,4,0,70,68,1
9.94,6,2,1,41,51,0
7.32,21,4,2,82,73,1
9.29,27,4,2,65,96,1
9.27,21,0,2,67,81,1
7.18,25,1,2,41,91,1
9.46,16,2,1,50,89,1
6.37,15,4,2,51,52,1
8.71,21,1,0,55,51,0
8.3,24,3,0,71,59,1
8.77,12,0,0,95,90,0
8.61,19,4,1,55,94,1
8.42,24,1,2,66,90,1
9.99,29,1,0,51,75,1
6.05,29,1,2,99,51,1
7.71,8,2,1,70,63,0
7.59,19,3,0,67,69,0
8.26,28,4,1,85,63,1
9.36,28,1,1,51,71,1
6.57,8,4,1,53,65,0
9.98,28,0,0,84,85,1
8.46,10,2,2,71,94,1
7.09,9,3,0,79,63,0
7.77,18,3,0,84,72,0
8.23,11,3,0,80,96,0
8.0,9,4,2,91,72,1
8.92,18,2,0,92,80,1
7.29,23,4,2,59,84,1
9.6,10,0,2,61,51,0
8.43,29,0,2,71,60,1
9.32,26,2,0,93,75,1
6.26,24,2,0,97,96,1
7.27,6,4,1,47,78,0
8.78,5,2,2,44,76,0
6.48,24,4,0,78,53,1
7.7,23,2,0,82,62,0
8.69,29,3,2,92,94,1
9.4,23,3,1,65,97,1
7.13,27,2,0,67,58,0
6.34,23,2,2,70,63,1
6.19,14,2,2,77,83,0
7.99,10,3,1,88,91,1
6.62,7,2,1,86,56,0
8.56,8,0,1,77,95,0
7.35,23,4,0,85,73,1
9.7,17,0,0,93,53,0
7.58,21,1,2,67,90,1
7.0,27,1,2,86,75,1
9.26,23,0,1,53,84,1
8.63,21,2,1,69,78,1
9.49,18,0,2,77,91,1
8.46,25,3,1,77,72,1
7.66,11,0,1,88,90,0
6.72,29,4,1,77,76,1
7.35,5,3,0,99,83,0
6.15,8,2,1,65,53,0
8.21,22,0,0,74,57,0
7.38,23,3,1,91,92,1
8.26,18,0,1,67,78,0
6.57,19,2,2,70,53,1
8.46,11,1,2,80,53,0
6.8,26,2,1,83,61,1
9.31,22,1,0,46,50,0
7.29,27,1,0,45,55,0
8.41,28,2,0,57,80,1
9.98,29,1,0,49,86,1
9.14,11,0,1,60,61,0
9.26,5,2,1,92,64,0
8.44,11,4,1,57,52,1
6.76,22,3,1,76,82,1
9.34,15,3,2,57,53,1
7.41,28,1,2,45,91,1
9.14,29,4,2,98,65,1
9.47,11,3,2,94,98,1
8.29,17,4,2,44,91,1
7.13,14,2,2,97,64,1
8.5,19,2,2,49,77,1
6.98,7,3,2,77,62,0
9.81,7,1,2,43,70,0
6.1,12,4,2,87,58,1
8.23,17,4,0,46,64,0
9.11,6,0,1,63,98,0
8.58,5,1,2,55,95,0
7.82,21,0,1,51,74,0
6.51,18,0,0,62,92,0
8.76,9,2,0,57,62,0
6.36,22,2,2,96,77,1
8.57,19,0,0,43,95,0
9.95,20,2,1,47,55,1
8.91,20,4,0,44,74,1
6.2,22,1,1,49,94,0
7.9,16,4,1,86,60,1
9.38,11,4,1,85,63,1
9.32,16,0,0,90,92,0
9.91,27,2,1,51,77,1
7.68,5,2,2,91,98,1
9.83,7,1,2,74,89,1
8.19,17,3,1,61,65,1
8.53,7,3,0,85,57,0
6.63,27,4,1,79,70,1
9.97,5,2,2,82,92,1
7.67,17,2,1,62,64,0
6.65,29,2,0,83,67,1
6.28,19,2,1,46,99,0
6.17,10,2,0,92,94,0
7.65,25,1,0,52,98,0
6.53,9,4,0,67,90,0
6.73,22,0,1,50,87,0
6.37,15,1,2,94,84,0
6.24,23,1,0,91,73,0
8.09,5,3,0,84,98,0
9.45,15,1,0,55,83,0
8.51,27,2,0,55,58,1
8.29,23,0,1,55,93,1
9.16,22,1,0,84,55,0
8.36,10,0,2,78,80,0
6.69,29,3,1,99,73,1
7.6,13,3,2,79,58,1
7.24,8,0,2,74,54,0
7.83,24,1,2,41,78,1
9.73,14,4,1,70,90,1
9.52,20,0,1,92,60,1
6.88,14,4,0,51,86,0
6.96,28,0,2,41,72,1
8.48,11,4,2,68,63,1
7.5,9,0,2,89,69,0
7.57,21,4,1,64,62,1
7.71,14,2,1,74,67,0
6.83,24,4,2,61,68,1
8.09,20,0,2,64,93,1
9.59,27,0,2,77,85,1
7.51,23,0,0,55,96,0
7.07,23,1,2,81,66,1
7.21,17,2,1,73,85,0
6.59,28,1,2,45,78,1
7.31,27,0,1,63,60,0
8.04,23,1,2,50,87,1
6.02,23,1,0,93,88,0
9.01,12,2,1,98,56,1
6.53,5,4,2,47,53,0
8.5,7,4,2,66,50,1
7.9,10,3,2,80,60,1
8.71,5,1,2,75,86,0
8.04,21,2,0,87,81,1
9.73,19,2,1,87,80,1
6.57,28,3,2,57,99,1
7.23,22,2,2,89,85,1
6.93,19,2,1,86,62,0
7.19,28,4,1,91,98,1
6.89,6,3,1,96,78,0
8.08,26,4,2,70,74,1
6.55,12,2,1,41,66,0
7.81,29,4,0,92,71,1
6.78,20,1,1,88,92,0
7.83,27,1,0,78,83,1
8.99,21,0,0,44,69,0
6.01,23,0,0,79,58,0
7.67,29,1,0,82,85,1
8.05,26,1,2,68,87,1
8.93,5,1,2,40,82,0
8.82,8,3,0,57,76,0
7.5,5,3,1,80,85,0
9.67,20,1,2,89,91,1
7.1,21,4,1,93,62,1
8.96,15,4,1,56,64,1
9.09,26,2,1,97,83,1
7.84,7,1,1,46,89,0
7.12,5,3,1,88,99,0
6.39,25,1,1,48,96,0
7.61,23,2,1,59,73,1
6.27,12,0,1,88,98,0
6.93,19,2,1,96,84,1
7.45,26,2,1,68,90,1
8.15,5,1,2,97,66,0
7.26,27,0,2,85,71,1
8.87,27,2,0,83,83,1
9.64,5,3,0,68,55,0
6.31,23,0,2,60,65,0
6.68,26,1,0,75,59,0
8.01,21,0,2,62,56,0
6.8,11,3,2,73,95,1
9.81,18,2,1,49,99,1
7.24,9,3,1,61,81,0
7.64,5,4,1,45,68,0
7.51,17,0,2,62,75,0
6.84,19,3,2,65,82,1
6.17,17,2,0,44,51,0
9.05,5,4,1,74,64,1
8.51,6,0,0,80,72,0
8.98,22,2,2,80,50,1
8.25,24,1,2,65,83,1
8.76,25,3,0,72,59,1
9.87,19,1,2,51,65,1
8.78,19,2,0,85,99,1
7.89,8,1,2,52,64,0
6.8,26,1,0,50,59,0
8.9,20,2,0,77,90,1
6.32,12,0,0,63,86,0
9.4,29,3,1,63,58,1
7.37,21,4,1,87,79,1
6.82,15,4,0,57,78,0
8.22,17,0,1,81,97,0
7.21,17,1,0,48,63,0
9.04,8,1,2,59,96,1
9.52,13,4,2,66,64,1
6.87,27,2,1,91,75,1
7.7,18,3,0,57,81,0
7.96,6,0,1,58,66,0
7.2,16,0,2,42,92,0
9.19,7,3,0,93,56,0
7.36,8,4,1,40,98,0
6.08,26,1,0,78,77,0
8.48,24,0,1,82,75,1
6.82,11,0,1,96,94,0
7.52,7,3,0,65,60,0
8.45,16,0,1,83,82,0
8.83,28,1,1,60,77,1
7.72,12,1,1,48,72,0
6.97,27,0,1,87,51,0
6.61,18,2,2,51,89,1
9.08,8,2,1,83,95,1
6.27,8,1,2,93,79,0
7.3,12,2,1,59,76,0
9.41,9,2,0,50,64,0
7.72,9,4,0,48,64,0
6.56,10,0,1,60,57,0
7.29,15,1,0,74,63,0
7.06,14,3,1,83,95,1
8.13,14,1,0,56,52,0
7.21,23,0,2,43,91,1
6.67,14,4,1,96,53,1
8.33,23,1,0,49,83,0
6.74,23,2,2,96,61,1
7.96,12,1,2,99,85,1
6.79,24,3,0,81,61,0
8.03,20,1,0,61,70,0
6.55,11,3,2,46,58,0
7.31,10,4,1,83,59,0
9.68,10,0,2,89,87,1
7.94,14,4,1,60,88,1
7.93,22,3,0,91,81,1
9.38,14,2,1,85,91,1
6.25,29,2,2,73,89,1
9.34,11,0,0,41,67,0
6.4,9,1,2,90,99,0
7.38,22,4,1,83,59,1
7.62,21,2,1,97,75,1
9.46,19,4,0,43,91,1
8.52,9,2,1,62,65,0
7.27,28,1,0,96,57,0
6.69,20,4,1,69,62,1
7.27,7,1,2,97,61,0
9.62,16,3,1,52,86,1
8.41,6,4,2,65,75,1
8.3,20,3,0,71,64,1
9.52,9,2,1,91,62,1
7.09,18,1,2,81,56,0
9.04,7,3,0,45,50,0
6.84,16,1,0,76,72,0
7.3,20,4,0,88,76,1
9.39,17,2,1,43,89,1
8.26,25,1,0,83,61,0
7.53,20,0,0,51,54,0
9.65,26,3,2,44,83,1
9.74,17,1,0,87,63,0
6.4,10,3,0,72,56,0
8.8,12,4,2,49,92,1
9.19,10,4,0,58,59,0
7.22,8,1,0,62,61,0
6.96,9,2,0,92,67,0
8.96,29,1,0,53,53,0
7.96,17,1,2,67,91,1
9.7,24,4,1,81,50,1
6.67,21,2,2,63,84,1
8.31,26,1,0,77,72,1
7.68,21,2,0,43,56,0
7.03,21,2,2,73,73,1
7.87,20,0,2,52,64,0
7.77,20,3,1,75,52,1
8.79,26,1,0,89,98,1
6.44,25,3,2,83,80,1
6.88,26,4,2,62,77,1
7.25,25,0,1,76,62,0
8.6,17,1,1,75,85,1
8.86,23,4,2,96,93,1
6.3,6,1,0,94,59,0
7.83,13,4,2,44,59,1
7.02,23,4,0,67,98,1
7.13,25,4,0,48,66,1
9.1,29,3,0,79,87,1
7.83,23,3,1,72,62,1
9.05,5,4,2,88,85,1
7.91,14,0,0,46,76,0
8.46,20,3,1,93,74,1
9.84,28,4,1,86,55,1
9.81,23,0,0,84,52,0
9.28,7,0,2,64,94,0
8.04,27,3,0,73,70,1
7.89,20,2,0,52,98,0
9.64,21,4,1,58,68,1
8.72,26,1,1,98,69,1
9.15,19,1,2,75,68,1
8.93,11,1,0,93,56,0
8.13,8,4,1,64,54,0
6.23,8,4,0,43,73,0
8.78,22,1,0,58,61,0
6.53,28,2,2,62,66,1
9.58,13,3,0,74,71,1
9.19,17,3,0,60,98,1
9.0,14,2,2,71,88,1
8.04,22,2,1,98,88,1
9.49,22,3,1,70,83,1
7.49,22,3,1,98,58,1
9.47,18,2,2,57,54,1
8.06,8,3,0,67,61,0
6.64,18,3,0,77,53,0
9.29,29,0,2,96,80,1
7.96,9,3,1,81,87,1
9.06,11,1,1,49,64,0
8.31,21,3,2,80,80,1
9.4,27,1,1,89,87,1
9.95,23,1,2,53,55,1
9.38,22,2,2,61,71,1
9.81,7,4,0,87,66,1
8.48,28,1,1,78,73,1
6.96,10,2,0,71,59,0
6.03,17,2,0,63,87,0
9.91,7,2,0,76,89,0
8.87,7,3,0,79,62,0
9.43,18,4,2,45,66,1
6.73,21,2,0,80,51,0
6.04,24,1,2,98,75,1
7.78,15,2,2,99,61,1
8.91,24,4,0,96,94,1
8.44,28,1,0,96,89,1
7.72,17,2,2,95,54,1
8.07,11,4,1,81,83,1
7.78,15,4,2,84,51,1
9.72,24,0,1,89,65,1
7.86,11,0,0,50,55,0
8.83,18,1,1,59,74,0
7.75,21,4,0,88,82,1
7.83,19,4,2,57,87,1
6.34,9,2,2,49,64,0
6.53,20,3,1,62,82,1
6.41,10,2,1,67,51,0
8.11,13,2,0,94,77,0
9.47,17,3,0,66,79,1
6.45,11,1,2,92,87,0
7.55,6,4,2,71,75,1
8.03,23,0,0,93,88,0
9.99,7,4,2,72,87,1
8.79,5,4,2,70,87,1
9.9,8,2,2,57,50,1
8.06,7,3,2,40,74,0
9.01,24,2,2,90,51,1
9.31,16,4,1,44,58,1
7.71,10,4,2,49,99,1
7.25,26,4,0,86,55,1
9.66,7,1,0,85,75,0
8.73,17,1,1,83,75,1
7.26,19,2,0,55,86,0
6.56,19,4,2,82,70,1
9.48,10,1,1,98,87,1
9.36,15,0,0,46,87,0
6.41,23,4,1,85,80,1
8.53,20,0,2,69,75,1
9.01,26,3,0,93,86,1
6.23,27,0,0,55,87,0
6.2,10,4,0,96,58,0
7.14,28,4,1,68,98,1
8.5,12,4,0,81,56,0
8.76,13,2,1,85,51,0
8.7,25,2,0,62,59,1
8.05,29,4,2,45,55,1
9.11,22,1,1,76,69,1
9.4,20,3,0,40,66,1
7.73,25,3,0,69,90,1
6.67,18,2,1,83,94,1
9.66,5,1,2,63,77,0
6.89,12,2,0,90,64,0
6.63,29,1,2,40,64,1
7.97,8,2,0,74,62,0
9.94,22,1,2,80,91,1
6.22,11,2,2,42,61,0
7.06,5,4,2,41,90,0
8.45,8,3,1,92,85,1
6.76,17,0,2,87,79,0
6.37,29,0,1,58,50,0
6.43,23,2,0,91,86,0
6.39,8,3,0,57,99,0
6.5,22,1,0,75,93,0
8.51,11,4,1,65,70,1
7.72,23,0,2,53,98,1
6.65,24,2,0,74,88,0
6.53,23,3,1,90,90,1
9.12,9,1,0,46,63,0
7.75,7,4,0,97,91,0
7.8,15,0,0,84,91,0
8.95,5,3,1,48,78,0
8.53,18,0,2,45,91,1
6.11,8,1,1,96,98,0
9.29,20,2,1,42,99,1
8.38,10,4,1,57,69,1
9.28,29,0,1,52,53,1
7.65,5,3,0,47,93,0
9.08,9,4,2,84,58,1
6.25,5,2,1,89,61,0
9.13,29,4,1,48,75,1
7.6,7,3,0,90,62,0
9.62,7,0,1,93,90,0
8.63,16,1,1,52,95,0
7.93,14,3,1,95,92,1
7.44,6,4,1,46,55,0
8.33,7,4,2,65,73,1
7.73,15,3,1,88,91,1
9.25,8,1,2,78,83,1
7.67,25,3,1,83,71,1
7.11,22,2,2,99,79,1
8.02,29,0,2,59,89,1
9.46,9,2,2,47,68,1
6.03,12,1,2,58,99,0
6.03,11,3,0,72,68,0
9.51,5,1,0,81,77,0
6.28,21,1,0,61,64,0
9.47,5,2,2,72,92,1
8.8,25,1,0,78,82,1
7.92,5,0,1,41,98,0
9.48,22,1,1,66,90,1
7.97,14,0,2,68,55,0
9.33,26,1,2,51,84,1
8.55,23,1,0,52,70,0
7.79,25,2,0,54,51,0
9.41,6,2,1,73,84,0
8.07,14,2,1,94,97,1
8.52,23,2,1,78,58,1
6.7,9,2,2,96,79,0
7.92,5,2,2,68,67,0
6.4,13,1,0,84,65,0
9.95,7,3,2,94,95,1
9.38,20,3,2,81,90,1
6.08,14,0,2,41,73,0
6.03,10,2,1,68,52,0
8.6,29,0,0,42,75,0
9.6,10,4,0,40,70,0
9.38,10,3,0,56,89,0
7.37,7,3,2,51,51,0
6.8,26,4,0,60,60,1
6.73,21,1,2,72,88,1
8.58,9,2,2,50,72,0
7.03,12,0,2,74,51,0
8.66,25,1,0,91,94,1
9.61,24,4,1,59,99,1
6.5,29,1,1,80,52,1
8.59,23,4,0,58,61,1
8.43,29,2,2,51,79,1
6.29,26,4,0,86,52,1
8.49,24,4,1,72,57,1
8.08,24,3,1,91,61,1
7.19,14,0,1,71,73,0
6.32,16,0,1,62,99,0
8.49,22,3,0,44,71,1
7.28,14,1,0,57,56,0
7.67,9,3,2,55,84,1
6.64,22,4,2,92,63,1
8.33,5,0,0,56,72,0
8.05,21,1,1,68,69,0
8.34,25,4,1,62,95,1
6.22,12,1,0,72,81,0
7.97,21,2,2,45,84,1
8.42,6,3,0,43,59,0
6.96,25,2,2,55,75,1
6.68,21,2,1,55,89,0
6.33,7,0,0,89,92,0
7.51,21,0,1,63,76,0
9.04,6,0,0,77,52,0
7.96,11,0,2,40,86,0
6.82,6,4,1,96,63,0
8.73,11,1,2,63,80,1
7.13,21,3,1,87,73,1
9.78,26,2,0,98,81,1
6.14,18,1,0,65,58,0
8.64,12,3,1,81,71,1
6.21,25,3,2,82,60,1
9.21,20,3,1,62,68,1
6.61,15,4,0,54,78,0
8.16,16,1,2,91,53,1
8.8,10,2,1,90,60,0
7.89,6,2,0,50,86,0
9.03,22,1,2,48,84,1
6.7,16,3,2,92,88,1
6.25,15,0,0,49,92,0
9.98,20,4,1,62,62,1
9.55,18,0,0,90,84,0
6.22,22,0,2,88,66,0
9.35,6,2,0,41,51,0
8.89,21,3,1,83,79,1
9.21,18,2,1,66,67,1
6.37,28,1,2,54,60,1
8.55,28,0,1,83,61,1
6.84,12,3,2,62,70,1
9.68,26,1,2,91,78,1
9.71,22,1,1,93,94,1
8.77,8,2,0,72,98,0
7.07,12,1,0,76,83,0
7.45,12,3,2,78,77,1
6.19,25,1,1,43,91,0
9.12,20,0,2,77,77,1
6.02,16,1,1,59,68,0
8.58,15,2,2,46,72,1
9.68,18,1,1,58,58,1
9.03,22,0,0,81,74,0
8.88,16,0,2,78,64,1
7.35,12,1,2,43,68,0
8.48,25,2,2,53,82,1
9.53,23,2,0,80,67,1
9.37,6,3,1,45,92,0
7.36,16,4,2,69,51,1
9.71,6,4,0,49,83,0
9.85,12,4,1,99,82,1
9.37,16,4,2,71,76,1
6.25,24,0,1,79,81,0
9.47,12,0,1,73,58,0
6.57,7,1,2,54,69,0
8.79,7,3,1,94,95,1
8.9,18,2,2,82,84,1
9.11,10,4,2,67,89,1
7.45,19,3,2,56,82,1
8.1,24,4,0,72,98,1
8.89,25,1,0,44,59,0
8.74,23,0,0,40,69,0
7.44,18,1,0,88,90,0
7.63,16,1,0,88,98,0
9.92,26,3,2,92,75,1
6.38,28,0,1,43,79,0
8.66,7,4,2,77,92,1
9.22,24,4,2,95,82,1
7.07,11,3,2,98,88,1
9.68,20,1,0,80,83,1
9.78,27,3,0,63,93,1
6.96,17,4,1,67,76,1
8.53,12,0,1,51,86,0
7.35,12,2,0,52,70,0
8.33,9,1,2,93,54,0
6.69,15,0,2,74,96,0
7.84,10,2,1,84,88,0
7.12,22,0,2,72,95,1
6.56,16,2,2,99,91,1
7.76,22,3,0,55,68,0
8.09,12,4,0,80,85,1
6.19,16,3,2,56,64,1
6.8,14,3,0,78,67,0
9.19,10,1,2,91,84,1
7.35,28,0,1,44,67,0
7.55,29,1,1,70,92,1
7.01,29,3,0,67,55,1
8.25,9,0,1,98,78,0
8.12,18,2,2,53,88,1
6.58,6,2,1,79,82,0
6.25,26,3,1,89,56,1
6.38,26,0,0,42,87,0
8.74,21,3,1,56,59,1
7.95,22,4,2,98,98,1
9.07,27,1,2,77,55,1
9.88,19,1,0,56,89,0
8.16,16,4,2,42,67,1
7.44,23,1,2,78,98,1
7.11,17,1,2,85,50,0
7.55,25,4,2,64,56,1
6.89,21,4,1,46,82,1
9.93,28,2,0,51,84,1
9.23,8,3,0,52,72,0
7.4,9,0,1,46,60,0
8.03,17,1,2,54,60,0
8.95,8,2,0,41,65,0
8.7,9,0,0,83,68,0
6.32,12,4,0,41,90,0
9.61,28,4,1,46,88,1
9.47,15,4,2,78,51,1
8.43,10,0,0,76,77,0
8.08,13,0,0,40,55,0
6.58,15,0,0,52,86,0
8.34,24,2,1,80,63,1
7.14,21,4,0,65,66,1
7.29,29,1,2,61,54,1
6.76,10,3,0,52,86,0
7.36,27,3,0,53,85,1
8.55,18,3,0,67,57,0
8.28,29,2,0,41,64,1
9.5,14,1,1,85,98,1
7.88,5,4,1,52,76,0
7.42,18,2,2,90,98,1
9.0,20,3,0,82,66,1
7.79,25,0,2,59,60,1
8.08,6,1,1,82,55,0
9.6,16,2,2,62,76,1
9.06,17,4,1,40,55,1
8.12,13,0,0,54,75,0
6.8,28,4,1,93,84,1
8.16,18,3,1,51,87,1
8.77,14,1,2,46,60,0
9.27,5,4,1,80,73,1
7.83,27,4,0,49,51,1
9.03,7,2,2,45,52,0
6.36,15,4,1,77,96,1
9.57,22,1,1,91,90,1
6.71,12,3,1,82,75,0
6.6,14,4,2,40,83,1
7.44,23,1,0,59,72,0
7.22,8,3,1,59,67,0
9.17,5,3,0,50,73,0
9.32,27,4,0,63,75,1
6.17,10,0,0,50,84,0
7.24,9,0,1,93,88,0
7.19,15,2,1,98,91,1
6.87,19,1,1,71,81,0
7.93,23,0,0,97,91,0
7.18,28,3,2,48,71,1
7.84,21,0,0,59,68,0
8.65,12,4,0,80,71,1
6.87,14,2,2,48,55,0
6.36,19,4,0,90,86,1
9.56,26,4,0,56,75,1
9.15,12,4,0,72,51,0
9.23,24,3,1,82,59,1
7.38,8,4,0,64,62,0
6.02,28,1,0,97,68,0
9.16,7,0,2,49,50,0
9.53,13,3,2,54,84,1
7.63,13,1,1,80,72,0
6.35,27,3,0,66,90,1
6.71,6,0,0,88,82,0
6.64,10,4,2,73,90,1
8.18,18,3,0,54,57,0
7.31,20,4,1,55,71,1
8.41,23,1,0,68,67,0
8.35,11,1,0,78,70,0
8.01,8,3,0,59,59,0
9.11,6,3,1,87,82,1
8.2,14,3,0,52,50,0
8.75,19,0,2,62,97,1
6.75,21,0,1,52,63,0
6.44,14,2,0,98,80,0
9.27,13,1,0,52,99,0
9.1,21,2,0,41,86,0
6.22,8,1,0,42,58,0
9.24,16,1,1,82,59,1
9.86,10,1,1,69,51,0
8.07,20,3,0,92,57,1
9.73,17,4,1,85,54,1
6.63,19,2,2,92,92,1
9.87,25,1,0,89,59,1
8.98,13,2,2,81,53,1
8.03,10,3,1,86,97,1
7.54,23,4,2,88,55,1
7.31,15,0,2,46,75,0
6.9,29,2,2,65,91,1
8.13,27,4,0,41,51,1
8.31,17,2,0,52,80,0
8.48,26,1,2,80,97,1
6.77,26,1,0,80,50,0
6.82,27,3,2,49,96,1
9.73,10,3,0,56,65,0
7.93,15,4,0,42,78,0
9.72,19,1,0,93,80,1
9.23,14,1,1,69,74,0
6.92,23,3,2,42,52,1
9.06,26,0,0,53,58,0
7.93,25,3,0,71,60,1
9.71,25,2,2,83,89,1
6.4,16,2,0,91,69,0
9.51,15,4,0,48,53,1
8.6,17,1,1,81,62,0
8.05,23,2,0,52,62,0
7.27,25,1,1,61,62,0
9.25,5,4,2,71,82,1
9.05,17,2,2,87,65,1
9.01,15,3,2,51,69,1
7.44,20,2,0,88,92,0
8.04,26,0,1,98,61,1
8.57,27,0,0,54,56,0
6.45,14,0,1,83,60,0
6.67,29,3,1,63,68,1
6.78,24,0,0,85,58,0
9.37,27,4,2,64,57,1
6.63,20,4,0,54,50,0
6.96,10,3,1,86,90,0
7.82,14,0,2,86,50,0
6.16,15,0,0,46,68,0
7.4,19,2,2,76,61,1
8.7,9,2,0,97,90,0
7.12,6,2,0,55,58,0
9.61,23,3,0,77,85,1
9.27,23,0,0,79,94,1
6.31,16,3,0,63,85,0
6.04,13,1,1,80,94,0
7.78,16,1,1,83,97,1
8.15,24,0,0,64,60,0
8.58,22,0,2,91,81,1
6.08,5,0,0,98,57,0
9.32,13,2,2,62,58,1
7.96,22,0,1,53,95,0
9.6,29,1,2,83,65,1
9.11,28,2,1,41,76,1
9.7,27,0,2,43,63,1
6.3,14,4,0,43,81,0
9.5,21,3,2,52,51,1
8.59,28,4,2,98,71,1
7.24,13,2,0,91,77,0
7.81,16,1,2,76,78,1
6.17,10,0,1,79,61,0
6.81,16,1,1,59,64,0
6.27,13,1,1,87,88,0
8.9,9,2,1,82,64,0
6.63,9,3,2,48,88,0
8.77,27,4,0,79,93,1
9.14,23,1,1,69,82,1
6.28,21,0,1,89,92,0
9.01,22,1,1,69,88,1
9.06,26,1,2,96,94,1
8.51,11,0,0,97,52,0
8.62,25,3,1,71,84,1
8.5,10,4,0,72,81,0
9.08,5,3,2,60,83,1
7.08,18,2,2,54,55,1
7.26,9,3,1,77,75,0
9.46,27,2,0,71,55,1
9.02,28,4,0,82,61,1
7.39,25,2,1,58,73,1
7.9,18,1,1,68,66,0
9.93,17,4,2,68,53,1
6.91,7,1,0,64,98,0
7.02,12,2,2,64,67,0
8.02,20,2,2,43,90,1
6.9,19,1,2,95,96,1
6.54,14,0,0,58,79,0
7.96,11,2,2,91,88,1
7.83,29,4,1,77,90,1
8.45,15,4,0,56,56,0
9.65,29,4,2,99,94,1
9.87,28,4,0,81,53,1
8.28,28,1,2,55,82,1
7.77,14,0,2,70,77,0
7.89,7,1,0,54,51,0
9.28,20,3,1,63,76,1
9.3,11,1,0,95,53,0
9.41,5,2,1,85,71,0
8.51,21,3,2,65,97,1
9.7,13,2,2,45,50,1
8.68,17,4,2,66,99,1
7.79,19,1,0,97,85,0
6.49,11,1,1,89,66,0
7.21,17,0,0,86,82,0
8.28,17,2,0,76,90,0
8.02,21,0,2,95,50,1
7.36,28,0,0,64,50,0
6.64,14,2,0,58,92,0
7.46,6,0,0,99,95,0
7.1,21,0,1,42,92,0
7.19,8,0,1,76,95,0
7.77,5,2,2,59,87,0
8.67,26,1,0,63,73,0
9.47,16,0,1,64,77,0
8.81,23,2,1,49,80,1
6.76,18,0,2,84,84,0
8.07,18,4,1,55,56,1
9.69,24,0,2,50,97,1
8.04,26,0,0,50,79,0
6.49,10,4,2,87,76,1
7.32,21,2,0,65,85,0
8.72,21,4,1,61,77,1
7.82,8,2,0,41,66,0
8.93,25,4,0,52,60,1
6.76,20,2,1,81,93,1
7.19,14,4,0,56,88,0
6.65,24,4,2,46,58,1
8.74,26,1,0,62,51,0
8.75,15,0,1,55,60,0
7.15,11,4,1,85,96,1
8.24,25,2,2,56,75,1
8.74,21,0,1,56,80,0
6.6,26,4,2,75,85,1
7.98,28,0,0,78,75,0
7.74,17,3,0,60,68,0
7.94,22,2,2,88,93,1
6.46,12,4,1,67,53,0
8.11,16,2,1,86,91,1
8.66,22,0,2,92,80,1
9.27,5,2,2,76,68,1
6.91,5,3,0,68,75,0
6.3,18,1,2,72,71,0
9.09,27,4,0,62,53,1
8.6,15,4,1,80,84,1
8.71,15,0,0,86,52,0
7.62,26,2,1,88,71,1
7.47,29,2,1,83,65,1
8.23,10,0,2,90,87,0
8.79,5,4,0,45,80,0
9.48,29,0,0,91,59,1
6.56,13,4,2,98,99,1
6.22,21,3,2,62,94,1
7.61,5,1,0,95,54,0
9.83,11,4,0,62,79,1
7.09,28,4,2,72,54,1
9.47,12,3,1,44,82,1
7.1,10,1,1,65,50,0
7.66,26,1,0,72,57,0
9.35,25,4,2,95,75,1
8.44,24,1,0,81,58,0
6.23,23,1,0,81,65,0
8.91,18,4,2,73,82,1
7.1,13,4,1,46,97,1
6.34,23,0,2,61,60,0
7.82,25,3,1,76,58,1
7.17,5,1,2,85,69,0
9.96,14,4,1,56,74,1
7.01,24,2,2,90,67,1
7.64,8,0,2,76,94,0
8.7,17,3,1,65,81,1
8.94,7,4,2,72,80,1
8.0,16,2,0,77,71,0
6.38,24,3,1,72,59,1
7.19,8,2,0,82,65,0
8.52,5,2,0,61,58,0
8.7,21,3,0,84,57,1
6.89,5,0,1,80,54,0
8.9,22,0,1,40,68,0
9.24,12,2,1,64,54,0
7.22,23,1,1,92,80,1
9.62,22,4,0,78,65,1
9.09,19,0,2,53,92,1
7.18,20,0,1,61,65,0
7.79,20,3,0,76,76,1
7.75,12,4,0,42,84,0
7.39,26,1,0,80,67,0
9.6,11,2,0,56,83,0
9.55,9,2,2,78,79,1
6.42,27,2,1,49,74,1
9.9,13,1,2,76,71,1
8.76,27,3,0,48,51,1
9.12,22,4,2,61,92,1
9.25,5,0,0,52,80,0
7.91,11,4,0,56,79,0
7.43,29,2,0,41,59,0
9.48,19,4,0,71,94,1
7.29,12,2,1,95,85,0
8.31,5,4,0,52,50,0
6.21,7,2,2,75,84,0
8.22,7,4,1,78,67,1
8.99,21,3,1,79,50,1
8.28,29,2,2,75,92,1
9.74,13,2,2,84,75,1
9.59,5,3,0,72,54,0
9.0,27,3,2,91,68,1
8.22,8,2,2,70,58,0
6.13,18,3,1,93,59,0
6.29,9,2,1,65,51,0
7.7,17,2,1,99,68,1
6.71,26,4,1,79,87,1
6.38,15,0,2,90,92,0
9.23,26,3,2,47,58,1
9.24,20,4,0,65,68,1
8.66,18,3,0,95,75,1
9.22,23,1,0,41,74,0
6.19,6,1,0,75,61,0
8.75,13,3,1,72,91,1
8.99,26,0,0,57,55,0
8.24,20,4,2,82,56,1
8.5,26,2,0,52,96,1
7.35,26,4,1,40,78,1
7.3,7,1,2,76,56,0
9.0,17,4,1,41,55,1
6.12,29,3,2,79,56,1
7.96,23,4,0,60,50,1
7.57,5,3,1,42,76,0
8.91,7,3,1,45,93,0
6.75,5,4,0,81,62,0
7.27,9,4,2,67,77,1
9.42,16,2,2,65,88,1
6.23,22,0,0,95,80,0
8.06,6,0,2,82,92,0
8.52,22,0,1,78,56,0
8.91,25,2,1,51,84,1
6.74,16,0,0,87,81,0
6.5,8,4,2,86,50,1
6.83,26,0,1,53,90,0
8.27,17,2,2,41,96,1
9.37,23,1,2,84,85,1
6.47,14,0,2,54,89,0
8.05,9,1,1,87,62,0
8.65,15,2,2,97,80,1
6.79,28,3,0,45,77,1
9.89,14,1,1,43,58,0
6.03,12,2,2,80,89,0
9.57,6,4,1,87,71,1
8.59,24,1,2,65,66,1
8.05,7,4,1,74,65,0
7.54,22,4,1,87,98,1
8.01,27,2,0,93,84,1
9.4,10,0,2,60,84,0
8.31,23,2,2,62,62,1
7.91,5,2,0,63,65,0
9.18,27,3,2,55,92,1
8.68,15,2,2,40,56,1
6.01,13,4,1,62,94,0
6.46,24,0,2,51,80,0
6.71,24,2,0,75,52,0
9.41,25,0,1,75,54,1
7.3,28,0,2,58,62,1
8.34,10,1,1,80,90,0
6.66,21,3,0,69,93,0
8.92,27,2,0,41,85,1
6.69,19,2,1,55,51,0
9.52,11,2,1,46,85,0
7.26,24,3,0,83,54,1
6.1,23,1,0,66,79,0
8.55,7,2,1,82,56,0
6.61,29,0,0,80,91,0
7.08,26,4,0,74,76,1
7.79,24,1,0,68,84,0
7.19,12,4,2,80,79,1
6.91,16,2,1,89,90,1
9.84,7,2,2,96,99,1
6.42,22,1,2,68,66,1
9.69,29,3,0,41,73,1
8.7,6,0,1,43,98,0
8.55,7,3,1,94,57,0
7.89,26,1,0,81,59,0
7.0,24,1,0,80,95,0
6.85,24,4,0,47,56,0
9.22,16,1,2,81,78,1
9.5,25,2,1,63,96,1
9.25,16,0,0,97,99,0
9.55,23,3,0,76,96,1
7.09,5,3,2,93,68,0
6.7,16,4,0,90,55,0
6.73,9,0,1,67,88,0
8.53,24,3,1,86,70,1
9.86,13,1,2,46,98,1
9.28,24,1,2,73,60,1
7.66,6,4,2,62,90,1
7.0,6,3,2,49,64,0
9.72,29,2,0,99,58,1
8.96,13,3,2,72,80,1
9.4,20,3,1,61,62,1
7.77,10,1,2,63,78,0
9.65,14,4,1,40,92,1
9.23,16,0,2,43,77,1
8.42,23,0,1,75,51,0
8.51,22,1,1,82,91,1
8.65,26,3,2,41,88,1
7.25,23,0,1,62,70,0
6.47,13,3,0,71,79,0
6.51,29,4,2,73,58,1
8.27,10,4,1,44,71,0
6.25,8,4,0,68,71,0
7.62,20,1,0,81,59,0
7.5,21,4,1,45,96,1
7.01,23,1,0,43,89,0
9.58,28,2,2,49,83,1
7.54,15,2,0,58,83,0
7.97,21,0,0,86,79,0
7.45,27,2,1,74,78,1
6.78,8,3,1,65,89,0
6.96,27,3,0,45,50,0
6.94,23,2,0,63,74,0
9.47,29,2,2,68,59,1
7.16,5,0,0,97,59,0
6.08,10,0,1,76,67,0
6.83,21,4,0,71,73,1
8.27,10,2,2,72,67,1
6.44,14,4,1,85,66,1
6.51,29,1,2,49,69,1
9.92,20,4,0,99,61,1
7.52,24,1,2,97,96,1
7.18,14,4,1,93,83,1
6.39,7,0,1,74,74,0
7.44,19,2,1,91,64,1
7.25,11,0,0,68,81,0
8.19,9,3,1,57,84,0
8.84,22,1,0,93,64,0
8.68,9,4,0,42,84,0
9.19,22,1,0,65,97,1
7.01,12,0,0,95,80,0
7.9,16,3,2,49,88,1
8.42,9,0,2,91,63,0
7.98,14,4,0,75,97,1
6.65,28,0,0,84,82,0
6.72,28,0,2,55,68,1
7.32,22,2,2,51,91,1
6.3,25,1,1,75,77,0
6.37,9,4,1,74,89,0
8.79,22,0,0,78,91,0
7.04,26,4,0,83,71,1
6.71,23,2,2,62,91,1
9.94,17,1,1,42,72,1
7.53,29,2,1,83,76,1
6.42,29,0,1,76,79,0
6.84,25,3,0,75,89,1
7.86,10,4,1,92,94,1
8.27,8,2,0,89,70,0
9.14,15,3,0,66,65,0
7.87,25,0,2,87,96,1
8.92,12,1,0,53,65,0
6.2,13,1,0,51,55,0
7.39,13,4,0,45,74,0
10.0,28,0,1,76,70,1
8.82,10,0,0,53,56,0
6.45,5,4,2,69,64,0
8.15,22,1,1,50,76,0
8.0,11,2,1,52,94,0
8.35,27,3,0,69,80,1
7.97,16,3,0,64,93,0
6.36,11,4,1,63,68,0
8.99,23,0,2,75,87,1
7.43,28,4,0,93,91,1
9.4,18,4,1,46,86,1
6.97,27,3,1,98,50,1
7.38,16,2,2,66,75,1
6.19,12,2,0,42,81,0
8.29,18,3,1,86,55,1
6.52,8,2,2,44,62,0
7.23,5,4,2,93,60,1
6.19,29,3,1,84,52,1
7.34,24,2,0,84,90,1
8.17,14,4,1,72,95,1
9.94,20,0,1,46,64,0
6.46,23,4,0,95,64,1
8.57,7,0,0,62,94,0
9.61,21,2,0,69,88,1
7.24,19,2,1,94,82,1
6.09,20,3,0,79,78,0
8.71,26,0,1,92,88,1
9.82,26,4,0,99,58,1
7.68,8,4,2,83,86,1
6.37,9,0,1,97,61,0
6.35,12,0,0,68,76,0
7.15,6,3,0,72,56,0
6.09,7,3,2,54,80,0
7.12,14,4,2,98,55,1
6.0,25,3,1,63,66,1
6.74,22,2,2,81,88,1
7.28,20,4,0,60,67,0
7.05,19,4,0,90,61,1
7.7,25,4,1,46,75,1
7.95,12,0,2,43,70,0
8.72,12,0,2,54,84,0
8.23,13,4,0,81,96,1
6.71,18,3,0,59,83,0
9.51,28,3,0,77,79,1
9.44,12,3,1,55,64,1
7.49,16,4,2,68,94,1
7.43,21,4,2,53,91,1
8.72,19,1,2,43,76,1
7.03,13,4,2,48,92,1
7.17,25,1,0,44,60,0
6.81,20,0,1,69,53,0
6.79,18,2,1,60,55,0
8.71,22,3,0,48,69,1
